from_external_ref,from_type,to_external_ref,to_type,edge_type,verified,weight_base
GLB-HUB-BUSINESS,org,CELEB:LEE_JAE_YONG,celebrity,known_association,false,1
KR-UNIV-KOREA,org,CELEB:LEE_JAE_YONG,celebrity,known_association,false,1
KR-CITY-SEOUL,org,CELEB:LEE_JAE_YONG,celebrity,known_association,false,1
KR-IND-IT,org,CELEB:LEE_JAE_YONG,celebrity,known_association,false,1
GLB-HUB-ENTERTAINMENT,org,CELEB:BTS_RM,celebrity,known_association,false,0.7
KR-UNIV-KOREA,org,CELEB:BTS_RM,celebrity,known_association,false,0.7
KR-CITY-SEOUL,org,CELEB:BTS_RM,celebrity,known_association,false,0.7
KR-IND-IT,org,CELEB:BTS_RM,celebrity,known_association,false,0.7
GLB-HUB-ENTERTAINMENT,org,CELEB:BTS_JIN,celebrity,known_association,false,0.7
KR-UNIV-KOREA,org,CELEB:BTS_JIN,celebrity,known_association,false,0.7
KR-CITY-SEOUL,org,CELEB:BTS_JIN,celebrity,known_association,false,0.7
KR-IND-IT,org,CELEB:BTS_JIN,celebrity,known_association,false,0.7
GLB-HUB-ENTERTAINMENT,org,CELEB:BTS_SUGA,celebrity,known_association,false,0.7
KR-UNIV-KOREA,org,CELEB:BTS_SUGA,celebrity,known_association,false,0.7
KR-CITY-SEOUL,org,CELEB:BTS_SUGA,celebrity,known_association,false,0.7
KR-IND-IT,org,CELEB:BTS_SUGA,celebrity,known_association,false,0.7
GLB-HUB-ENTERTAINMENT,org,CELEB:BTS_J_HOPE,celebrity,known_association,false,0.7
KR-UNIV-KOREA,org,CELEB:BTS_J_HOPE,celebrity,known_association,false,0.7
KR-CITY-SEOUL,org,CELEB:BTS_J_HOPE,celebrity,known_association,false,0.7
KR-IND-IT,org,CELEB:BTS_J_HOPE,celebrity,known_association,false,0.7
GLB-HUB-ENTERTAINMENT,org,CELEB:BTS_JIMIN,celebrity,known_association,false,0.7
KR-UNIV-KOREA,org,CELEB:BTS_JIMIN,celebrity,known_association,false,0.7
KR-CITY-SEOUL,org,CELEB:BTS_JIMIN,celebrity,known_association,false,0.7
KR-IND-IT,org,CELEB:BTS_JIMIN,celebrity,known_association,false,0.7
GLB-HUB-ENTERTAINMENT,org,CELEB:BTS_V,celebrity,known_association,false,0.7
KR-UNIV-KOREA,org,CELEB:BTS_V,celebrity,known_association,false,0.7
KR-CITY-SEOUL,org,CELEB:BTS_V,celebrity,known_association,false,0.7
KR-IND-IT,org,CELEB:BTS_V,celebrity,known_association,false,0.7
GLB-HUB-ENTERTAINMENT,org,CELEB:BTS_JUNGKOOK,celebrity,known_association,false,0.7
KR-UNIV-KOREA,org,CELEB:BTS_JUNGKOOK,celebrity,known_association,false,0.7
KR-CITY-SEOUL,org,CELEB:BTS_JUNGKOOK,celebrity,known_association,false,0.7
KR-IND-IT,org,CELEB:BTS_JUNGKOOK,celebrity,known_association,false,0.7
GLB-HUB-SPORTS,org,CELEB:SON_HEUNG_MIN,celebrity,known_association,false,0.7
KR-UNIV-KOREA,org,CELEB:SON_HEUNG_MIN,celebrity,known_association,false,0.7
KR-CITY-SEOUL,org,CELEB:SON_HEUNG_MIN,celebrity,known_association,false,0.7
KR-IND-IT,org,CELEB:SON_HEUNG_MIN,celebrity,known_association,false,0.7
GLB-HUB-SPORTS,org,CELEB:PARK_JI_SUNG,celebrity,known_association,false,0.7
KR-UNIV-KOREA,org,CELEB:PARK_JI_SUNG,celebrity,known_association,false,0.7
KR-CITY-SEOUL,org,CELEB:PARK_JI_SUNG,celebrity,known_association,false,0.7
KR-IND-IT,org,CELEB:PARK_JI_SUNG,celebrity,known_association,false,0.7
GLB-HUB-SPORTS,org,CELEB:KIM_YUNA,celebrity,known_association,false,0.7
KR-UNIV-KOREA,org,CELEB:KIM_YUNA,celebrity,known_association,false,0.7
KR-CITY-SEOUL,org,CELEB:KIM_YUNA,celebrity,known_association,false,0.7
KR-IND-IT,org,CELEB:KIM_YUNA,celebrity,known_association,false,0.7
GLB-HUB-POLITICS,org,CELEB:YOON_SUK_YEOL,celebrity,known_association,false,0.8
KR-UNIV-KOREA,org,CELEB:YOON_SUK_YEOL,celebrity,known_association,false,0.8
KR-CITY-SEOUL,org,CELEB:YOON_SUK_YEOL,celebrity,known_association,false,0.8
KR-IND-IT,org,CELEB:YOON_SUK_YEOL,celebrity,known_association,false,0.8
GLB-HUB-TECH,org,CELEB:ELON_MUSK,celebrity,known_association,false,1
KR-UNIV-KOREA,org,CELEB:ELON_MUSK,celebrity,known_association,false,1
GLB-HUB-BUSINESS,org,CELEB:JEFF_BEZOS,celebrity,known_association,false,1
KR-UNIV-KOREA,org,CELEB:JEFF_BEZOS,celebrity,known_association,false,1
GLB-HUB-TECH,org,CELEB:BILL_GATES,celebrity,known_association,false,1
KR-UNIV-KOREA,org,CELEB:BILL_GATES,celebrity,known_association,false,1
GLB-HUB-FINANCE,org,CELEB:WARREN_BUFFETT,celebrity,known_association,false,0.9
KR-UNIV-KOREA,org,CELEB:WARREN_BUFFETT,celebrity,known_association,false,0.9
GLB-HUB-TECH,org,CELEB:MARK_ZUCKERBERG,celebrity,known_association,false,1
KR-UNIV-KOREA,org,CELEB:MARK_ZUCKERBERG,celebrity,known_association,false,1
GLB-HUB-TECH,org,CELEB:SUNDAR_PICHAI,celebrity,known_association,false,1
KR-UNIV-KOREA,org,CELEB:SUNDAR_PICHAI,celebrity,known_association,false,1
GLB-HUB-TECH,org,CELEB:TIM_COOK,celebrity,known_association,false,1
KR-UNIV-KOREA,org,CELEB:TIM_COOK,celebrity,known_association,false,1
GLB-HUB-TECH,org,CELEB:SATYA_NADELLA,celebrity,known_association,false,1
KR-UNIV-KOREA,org,CELEB:SATYA_NADELLA,celebrity,known_association,false,1
GLB-HUB-TECH,org,CELEB:JENSEN_HUANG,celebrity,known_association,false,1
KR-UNIV-KOREA,org,CELEB:JENSEN_HUANG,celebrity,known_association,false,1
GLB-HUB-TECH,org,CELEB:SAM_ALTMAN,celebrity,known_association,false,1
KR-UNIV-KOREA,org,CELEB:SAM_ALTMAN,celebrity,known_association,false,1
GLB-HUB-TECH,org,CELEB:LARRY_PAGE,celebrity,known_association,false,1
KR-UNIV-KOREA,org,CELEB:LARRY_PAGE,celebrity,known_association,false,1
GLB-HUB-TECH,org,CELEB:SERGEY_BRIN,celebrity,known_association,false,1
KR-UNIV-KOREA,org,CELEB:SERGEY_BRIN,celebrity,known_association,false,1
GLB-HUB-BUSINESS,org,CELEB:JACK_MA,celebrity,known_association,false,1
KR-UNIV-KOREA,org,CELEB:JACK_MA,celebrity,known_association,false,1
GLB-HUB-POLITICS,org,CELEB:XI_JINPING,celebrity,known_association,false,0.8
KR-UNIV-KOREA,org,CELEB:XI_JINPING,celebrity,known_association,false,0.8
GLB-HUB-POLITICS,org,CELEB:DONALD_TRUMP,celebrity,known_association,false,0.8
KR-UNIV-KOREA,org,CELEB:DONALD_TRUMP,celebrity,known_association,false,0.8
GLB-HUB-POLITICS,org,CELEB:BARACK_OBAMA,celebrity,known_association,false,0.8
KR-UNIV-KOREA,org,CELEB:BARACK_OBAMA,celebrity,known_association,false,0.8
GLB-HUB-POLITICS,org,CELEB:JOE_BIDEN,celebrity,known_association,false,0.8
KR-UNIV-KOREA,org,CELEB:JOE_BIDEN,celebrity,known_association,false,0.8
GLB-HUB-POLITICS,org,CELEB:VLADIMIR_PUTIN,celebrity,known_association,false,0.8
KR-UNIV-KOREA,org,CELEB:VLADIMIR_PUTIN,celebrity,known_association,false,0.8
GLB-HUB-POLITICS,org,CELEB:EMMANUEL_MACRON,celebrity,known_association,false,0.8
KR-UNIV-KOREA,org,CELEB:EMMANUEL_MACRON,celebrity,known_association,false,0.8
GLB-HUB-SPORTS,org,CELEB:LIONEL_MESSI,celebrity,known_association,false,0.7
KR-UNIV-KOREA,org,CELEB:LIONEL_MESSI,celebrity,known_association,false,0.7
GLB-HUB-SPORTS,org,CELEB:CRISTIANO_RONALDO,celebrity,known_association,false,0.7
KR-UNIV-KOREA,org,CELEB:CRISTIANO_RONALDO,celebrity,known_association,false,0.7
GLB-HUB-SPORTS,org,CELEB:LEBRON_JAMES,celebrity,known_association,false,0.7
KR-UNIV-KOREA,org,CELEB:LEBRON_JAMES,celebrity,known_association,false,0.7
GLB-HUB-ENTERTAINMENT,org,CELEB:TAYLOR_SWIFT,celebrity,known_association,false,0.7
KR-UNIV-KOREA,org,CELEB:TAYLOR_SWIFT,celebrity,known_association,false,0.7
GLB-HUB-ENTERTAINMENT,org,CELEB:BEYONCE,celebrity,known_association,false,0.7
KR-UNIV-KOREA,org,CELEB:BEYONCE,celebrity,known_association,false,0.7
GLB-HUB-ENTERTAINMENT,org,CELEB:OPRAH_WINFREY,celebrity,known_association,false,0.7
KR-UNIV-KOREA,org,CELEB:OPRAH_WINFREY,celebrity,known_association,false,0.7
GLB-HUB-ENTERTAINMENT,org,CELEB:CHRISTOPHER_NOLAN,celebrity,known_association,false,0.7
KR-UNIV-KOREA,org,CELEB:CHRISTOPHER_NOLAN,celebrity,known_association,false,0.7
GLB-HUB-SCIENCE,org,CELEB:STEPHEN_HAWKING,celebrity,known_association,false,0.6
KR-UNIV-KOREA,org,CELEB:STEPHEN_HAWKING,celebrity,known_association,false,0.6
GLB-HUB-ENTERTAINMENT,org,CELEB:GEN:0040,celebrity,known_association,false,0.2
KR-UNIV-KOREA,org,CELEB:GEN:0040,celebrity,known_association,false,0.2
GLB-HUB-BUSINESS,org,CELEB:GEN:0041,celebrity,known_association,false,0.2
KR-UNIV-KOREA,org,CELEB:GEN:0041,celebrity,known_association,false,0.2
GLB-HUB-SCIENCE,org,CELEB:GEN:0042,celebrity,known_association,false,0.2
KR-UNIV-KOREA,org,CELEB:GEN:0042,celebrity,known_association,false,0.2
GLB-HUB-TECH,org,CELEB:GEN:0043,celebrity,known_association,false,0.2
KR-UNIV-KOREA,org,CELEB:GEN:0043,celebrity,known_association,false,0.2
GLB-HUB-FINANCE,org,CELEB:GEN:0044,celebrity,known_association,false,0.2
KR-UNIV-KOREA,org,CELEB:GEN:0044,celebrity,known_association,false,0.2
GLB-HUB-POLITICS,org,CELEB:GEN:0045,celebrity,known_association,false,0.2
KR-UNIV-KOREA,org,CELEB:GEN:0045,celebrity,known_association,false,0.2
GLB-HUB-SPORTS,org,CELEB:GEN:0046,celebrity,known_association,false,0.2
KR-UNIV-KOREA,org,CELEB:GEN:0046,celebrity,known_association,false,0.2
GLB-HUB-ENTERTAINMENT,org,CELEB:GEN:0047,celebrity,known_association,false,0.2
KR-UNIV-KOREA,org,CELEB:GEN:0047,celebrity,known_association,false,0.2
GLB-HUB-BUSINESS,org,CELEB:GEN:0048,celebrity,known_association,false,0.2
KR-UNIV-KOREA,org,CELEB:GEN:0048,celebrity,known_association,false,0.2
GLB-HUB-SCIENCE,org,CELEB:GEN:0049,celebrity,known_association,false,0.2
KR-UNIV-KOREA,org,CELEB:GEN:0049,celebrity,known_association,false,0.2
GLB-HUB-TECH,org,CELEB:GEN:0050,celebrity,known_association,false,0.2
KR-UNIV-KOREA,org,CELEB:GEN:0050,celebrity,known_association,false,0.2
GLB-HUB-FINANCE,org,CELEB:GEN:0051,celebrity,known_association,false,0.2
KR-UNIV-KOREA,org,CELEB:GEN:0051,celebrity,known_association,false,0.2
GLB-HUB-POLITICS,org,CELEB:GEN:0052,celebrity,known_association,false,0.2
KR-UNIV-KOREA,org,CELEB:GEN:0052,celebrity,known_association,false,0.2
GLB-HUB-SPORTS,org,CELEB:GEN:0053,celebrity,known_association,false,0.2
KR-UNIV-KOREA,org,CELEB:GEN:0053,celebrity,known_association,false,0.2
GLB-HUB-ENTERTAINMENT,org,CELEB:GEN:0054,celebrity,known_association,false,0.2
KR-UNIV-KOREA,org,CELEB:GEN:0054,celebrity,known_association,false,0.2
GLB-HUB-BUSINESS,org,CELEB:GEN:0055,celebrity,known_association,false,0.2
KR-UNIV-KOREA,org,CELEB:GEN:0055,celebrity,known_association,false,0.2
GLB-HUB-SCIENCE,org,CELEB:GEN:0056,celebrity,known_association,false,0.2
KR-UNIV-KOREA,org,CELEB:GEN:0056,celebrity,known_association,false,0.2
GLB-HUB-TECH,org,CELEB:GEN:0057,celebrity,known_association,false,0.2
KR-UNIV-KOREA,org,CELEB:GEN:0057,celebrity,known_association,false,0.2
GLB-HUB-FINANCE,org,CELEB:GEN:0058,celebrity,known_association,false,0.2
KR-UNIV-KOREA,org,CELEB:GEN:0058,celebrity,known_association,false,0.2
GLB-HUB-POLITICS,org,CELEB:GEN:0059,celebrity,known_association,false,0.2
KR-UNIV-KOREA,org,CELEB:GEN:0059,celebrity,known_association,false,0.2
GLB-HUB-SPORTS,org,CELEB:GEN:0060,celebrity,known_association,false,0.2
KR-UNIV-KOREA,org,CELEB:GEN:0060,celebrity,known_association,false,0.2
GLB-HUB-ENTERTAINMENT,org,CELEB:GEN:0061,celebrity,known_association,false,0.2
KR-UNIV-KOREA,org,CELEB:GEN:0061,celebrity,known_association,false,0.2
GLB-HUB-BUSINESS,org,CELEB:GEN:0062,celebrity,known_association,false,0.2
KR-UNIV-KOREA,org,CELEB:GEN:0062,celebrity,known_association,false,0.2
GLB-HUB-SCIENCE,org,CELEB:GEN:0063,celebrity,known_association,false,0.2
KR-UNIV-KOREA,org,CELEB:GEN:0063,celebrity,known_association,false,0.2
GLB-HUB-TECH,org,CELEB:GEN:0064,celebrity,known_association,false,0.2
KR-UNIV-KOREA,org,CELEB:GEN:0064,celebrity,known_association,false,0.2
GLB-HUB-FINANCE,org,CELEB:GEN:0065,celebrity,known_association,false,0.2
KR-UNIV-KOREA,org,CELEB:GEN:0065,celebrity,known_association,false,0.2
GLB-HUB-POLITICS,org,CELEB:GEN:0066,celebrity,known_association,false,0.2
KR-UNIV-KOREA,org,CELEB:GEN:0066,celebrity,known_association,false,0.2
GLB-HUB-SPORTS,org,CELEB:GEN:0067,celebrity,known_association,false,0.2
KR-UNIV-KOREA,org,CELEB:GEN:0067,celebrity,known_association,false,0.2
GLB-HUB-ENTERTAINMENT,org,CELEB:GEN:0068,celebrity,known_association,false,0.2
KR-UNIV-KOREA,org,CELEB:GEN:0068,celebrity,known_association,false,0.2
GLB-HUB-BUSINESS,org,CELEB:GEN:0069,celebrity,known_association,false,0.2
KR-UNIV-KOREA,org,CELEB:GEN:0069,celebrity,known_association,false,0.2
GLB-HUB-SCIENCE,org,CELEB:GEN:0070,celebrity,known_association,false,0.2
KR-UNIV-KOREA,org,CELEB:GEN:0070,celebrity,known_association,false,0.2
GLB-HUB-TECH,org,CELEB:GEN:0071,celebrity,known_association,false,0.2
KR-UNIV-KOREA,org,CELEB:GEN:0071,celebrity,known_association,false,0.2
GLB-HUB-FINANCE,org,CELEB:GEN:0072,celebrity,known_association,false,0.2
KR-UNIV-KOREA,org,CELEB:GEN:0072,celebrity,known_association,false,0.2
GLB-HUB-POLITICS,org,CELEB:GEN:0073,celebrity,known_association,false,0.2
KR-UNIV-KOREA,org,CELEB:GEN:0073,celebrity,known_association,false,0.2
GLB-HUB-SPORTS,org,CELEB:GEN:0074,celebrity,known_association,false,0.2
KR-UNIV-KOREA,org,CELEB:GEN:0074,celebrity,known_association,false,0.2
GLB-HUB-ENTERTAINMENT,org,CELEB:GEN:0075,celebrity,known_association,false,0.2
KR-UNIV-KOREA,org,CELEB:GEN:0075,celebrity,known_association,false,0.2
GLB-HUB-BUSINESS,org,CELEB:GEN:0076,celebrity,known_association,false,0.2
KR-UNIV-KOREA,org,CELEB:GEN:0076,celebrity,known_association,false,0.2
GLB-HUB-SCIENCE,org,CELEB:GEN:0077,celebrity,known_association,false,0.2
KR-UNIV-KOREA,org,CELEB:GEN:0077,celebrity,known_association,false,0.2
GLB-HUB-TECH,org,CELEB:GEN:0078,celebrity,known_association,false,0.2
KR-UNIV-KOREA,org,CELEB:GEN:0078,celebrity,known_association,false,0.2
GLB-HUB-FINANCE,org,CELEB:GEN:0079,celebrity,known_association,false,0.2
KR-UNIV-KOREA,org,CELEB:GEN:0079,celebrity,known_association,false,0.2
GLB-HUB-POLITICS,org,CELEB:GEN:0080,celebrity,known_association,false,0.2
KR-UNIV-KOREA,org,CELEB:GEN:0080,celebrity,known_association,false,0.2
GLB-HUB-SPORTS,org,CELEB:GEN:0081,celebrity,known_association,false,0.2
KR-UNIV-KOREA,org,CELEB:GEN:0081,celebrity,known_association,false,0.2
GLB-HUB-ENTERTAINMENT,org,CELEB:GEN:0082,celebrity,known_association,false,0.2
KR-UNIV-KOREA,org,CELEB:GEN:0082,celebrity,known_association,false,0.2
GLB-HUB-BUSINESS,org,CELEB:GEN:0083,celebrity,known_association,false,0.2
KR-UNIV-KOREA,org,CELEB:GEN:0083,celebrity,known_association,false,0.2
GLB-HUB-SCIENCE,org,CELEB:GEN:0084,celebrity,known_association,false,0.2
KR-UNIV-KOREA,org,CELEB:GEN:0084,celebrity,known_association,false,0.2
GLB-HUB-TECH,org,CELEB:GEN:0085,celebrity,known_association,false,0.2
KR-UNIV-KOREA,org,CELEB:GEN:0085,celebrity,known_association,false,0.2
GLB-HUB-FINANCE,org,CELEB:GEN:0086,celebrity,known_association,false,0.2
KR-UNIV-KOREA,org,CELEB:GEN:0086,celebrity,known_association,false,0.2
GLB-HUB-POLITICS,org,CELEB:GEN:0087,celebrity,known_association,false,0.2
KR-UNIV-KOREA,org,CELEB:GEN:0087,celebrity,known_association,false,0.2
GLB-HUB-SPORTS,org,CELEB:GEN:0088,celebrity,known_association,false,0.2
KR-UNIV-KOREA,org,CELEB:GEN:0088,celebrity,known_association,false,0.2
GLB-HUB-ENTERTAINMENT,org,CELEB:GEN:0089,celebrity,known_association,false,0.2
KR-UNIV-KOREA,org,CELEB:GEN:0089,celebrity,known_association,false,0.2
GLB-HUB-BUSINESS,org,CELEB:GEN:0090,celebrity,known_association,false,0.2
KR-UNIV-KOREA,org,CELEB:GEN:0090,celebrity,known_association,false,0.2
GLB-HUB-SCIENCE,org,CELEB:GEN:0091,celebrity,known_association,false,0.2
KR-UNIV-KOREA,org,CELEB:GEN:0091,celebrity,known_association,false,0.2
GLB-HUB-TECH,org,CELEB:GEN:0092,celebrity,known_association,false,0.2
KR-UNIV-KOREA,org,CELEB:GEN:0092,celebrity,known_association,false,0.2
GLB-HUB-FINANCE,org,CELEB:GEN:0093,celebrity,known_association,false,0.2
KR-UNIV-KOREA,org,CELEB:GEN:0093,celebrity,known_association,false,0.2
GLB-HUB-POLITICS,org,CELEB:GEN:0094,celebrity,known_association,false,0.2
KR-UNIV-KOREA,org,CELEB:GEN:0094,celebrity,known_association,false,0.2
GLB-HUB-SPORTS,org,CELEB:GEN:0095,celebrity,known_association,false,0.2
KR-UNIV-KOREA,org,CELEB:GEN:0095,celebrity,known_association,false,0.2
GLB-HUB-ENTERTAINMENT,org,CELEB:GEN:0096,celebrity,known_association,false,0.2
KR-UNIV-KOREA,org,CELEB:GEN:0096,celebrity,known_association,false,0.2
GLB-HUB-BUSINESS,org,CELEB:GEN:0097,celebrity,known_association,false,0.2
KR-UNIV-KOREA,org,CELEB:GEN:0097,celebrity,known_association,false,0.2
GLB-HUB-SCIENCE,org,CELEB:GEN:0098,celebrity,known_association,false,0.2
KR-UNIV-KOREA,org,CELEB:GEN:0098,celebrity,known_association,false,0.2
GLB-HUB-TECH,org,CELEB:GEN:0099,celebrity,known_association,false,0.2
KR-UNIV-KOREA,org,CELEB:GEN:0099,celebrity,known_association,false,0.2
GLB-HUB-FINANCE,org,CELEB:GEN:0100,celebrity,known_association,false,0.2
KR-UNIV-KOREA,org,CELEB:GEN:0100,celebrity,known_association,false,0.2
GLB-HUB-POLITICS,org,CELEB:GEN:0101,celebrity,known_association,false,0.2
KR-UNIV-KOREA,org,CELEB:GEN:0101,celebrity,known_association,false,0.2
GLB-HUB-SPORTS,org,CELEB:GEN:0102,celebrity,known_association,false,0.2
KR-UNIV-KOREA,org,CELEB:GEN:0102,celebrity,known_association,false,0.2
GLB-HUB-ENTERTAINMENT,org,CELEB:GEN:0103,celebrity,known_association,false,0.2
KR-UNIV-KOREA,org,CELEB:GEN:0103,celebrity,known_association,false,0.2
GLB-HUB-BUSINESS,org,CELEB:GEN:0104,celebrity,known_association,false,0.2
KR-UNIV-KOREA,org,CELEB:GEN:0104,celebrity,known_association,false,0.2
GLB-HUB-SCIENCE,org,CELEB:GEN:0105,celebrity,known_association,false,0.2
KR-UNIV-KOREA,org,CELEB:GEN:0105,celebrity,known_association,false,0.2
GLB-HUB-TECH,org,CELEB:GEN:0106,celebrity,known_association,false,0.2
KR-UNIV-KOREA,org,CELEB:GEN:0106,celebrity,known_association,false,0.2
GLB-HUB-FINANCE,org,CELEB:GEN:0107,celebrity,known_association,false,0.2
KR-UNIV-KOREA,org,CELEB:GEN:0107,celebrity,known_association,false,0.2
GLB-HUB-POLITICS,org,CELEB:GEN:0108,celebrity,known_association,false,0.2
KR-UNIV-KOREA,org,CELEB:GEN:0108,celebrity,known_association,false,0.2
GLB-HUB-SPORTS,org,CELEB:GEN:0109,celebrity,known_association,false,0.2
KR-UNIV-KOREA,org,CELEB:GEN:0109,celebrity,known_association,false,0.2
GLB-HUB-ENTERTAINMENT,org,CELEB:GEN:0110,celebrity,known_association,false,0.2
KR-UNIV-KOREA,org,CELEB:GEN:0110,celebrity,known_association,false,0.2
GLB-HUB-BUSINESS,org,CELEB:GEN:0111,celebrity,known_association,false,0.2
KR-UNIV-KOREA,org,CELEB:GEN:0111,celebrity,known_association,false,0.2
GLB-HUB-SCIENCE,org,CELEB:GEN:0112,celebrity,known_association,false,0.2
KR-UNIV-KOREA,org,CELEB:GEN:0112,celebrity,known_association,false,0.2
GLB-HUB-TECH,org,CELEB:GEN:0113,celebrity,known_association,false,0.2
KR-UNIV-KOREA,org,CELEB:GEN:0113,celebrity,known_association,false,0.2
GLB-HUB-FINANCE,org,CELEB:GEN:0114,celebrity,known_association,false,0.2
KR-UNIV-KOREA,org,CELEB:GEN:0114,celebrity,known_association,false,0.2
GLB-HUB-POLITICS,org,CELEB:GEN:0115,celebrity,known_association,false,0.2
KR-UNIV-KOREA,org,CELEB:GEN:0115,celebrity,known_association,false,0.2
GLB-HUB-SPORTS,org,CELEB:GEN:0116,celebrity,known_association,false,0.2
KR-UNIV-KOREA,org,CELEB:GEN:0116,celebrity,known_association,false,0.2
GLB-HUB-ENTERTAINMENT,org,CELEB:GEN:0117,celebrity,known_association,false,0.2
KR-UNIV-KOREA,org,CELEB:GEN:0117,celebrity,known_association,false,0.2
GLB-HUB-BUSINESS,org,CELEB:GEN:0118,celebrity,known_association,false,0.2
KR-UNIV-KOREA,org,CELEB:GEN:0118,celebrity,known_association,false,0.2
GLB-HUB-SCIENCE,org,CELEB:GEN:0119,celebrity,known_association,false,0.2
KR-UNIV-KOREA,org,CELEB:GEN:0119,celebrity,known_association,false,0.2
GLB-HUB-TECH,org,CELEB:GEN:0120,celebrity,known_association,false,0.2
KR-UNIV-KOREA,org,CELEB:GEN:0120,celebrity,known_association,false,0.2
GLB-HUB-FINANCE,org,CELEB:GEN:0121,celebrity,known_association,false,0.2
KR-UNIV-KOREA,org,CELEB:GEN:0121,celebrity,known_association,false,0.2
GLB-HUB-POLITICS,org,CELEB:GEN:0122,celebrity,known_association,false,0.2
KR-UNIV-KOREA,org,CELEB:GEN:0122,celebrity,known_association,false,0.2
GLB-HUB-SPORTS,org,CELEB:GEN:0123,celebrity,known_association,false,0.2
KR-UNIV-KOREA,org,CELEB:GEN:0123,celebrity,known_association,false,0.2
GLB-HUB-ENTERTAINMENT,org,CELEB:GEN:0124,celebrity,known_association,false,0.2
KR-UNIV-KOREA,org,CELEB:GEN:0124,celebrity,known_association,false,0.2
GLB-HUB-BUSINESS,org,CELEB:GEN:0125,celebrity,known_association,false,0.2
KR-UNIV-KOREA,org,CELEB:GEN:0125,celebrity,known_association,false,0.2
GLB-HUB-SCIENCE,org,CELEB:GEN:0126,celebrity,known_association,false,0.2
KR-UNIV-KOREA,org,CELEB:GEN:0126,celebrity,known_association,false,0.2
GLB-HUB-TECH,org,CELEB:GEN:0127,celebrity,known_association,false,0.2
KR-UNIV-KOREA,org,CELEB:GEN:0127,celebrity,known_association,false,0.2
GLB-HUB-FINANCE,org,CELEB:GEN:0128,celebrity,known_association,false,0.2
KR-UNIV-KOREA,org,CELEB:GEN:0128,celebrity,known_association,false,0.2
GLB-HUB-POLITICS,org,CELEB:GEN:0129,celebrity,known_association,false,0.2
KR-UNIV-KOREA,org,CELEB:GEN:0129,celebrity,known_association,false,0.2
GLB-HUB-SPORTS,org,CELEB:GEN:0130,celebrity,known_association,false,0.2
KR-UNIV-KOREA,org,CELEB:GEN:0130,celebrity,known_association,false,0.2
GLB-HUB-ENTERTAINMENT,org,CELEB:GEN:0131,celebrity,known_association,false,0.2
KR-UNIV-KOREA,org,CELEB:GEN:0131,celebrity,known_association,false,0.2
GLB-HUB-BUSINESS,org,CELEB:GEN:0132,celebrity,known_association,false,0.2
KR-UNIV-KOREA,org,CELEB:GEN:0132,celebrity,known_association,false,0.2
GLB-HUB-SCIENCE,org,CELEB:GEN:0133,celebrity,known_association,false,0.2
KR-UNIV-KOREA,org,CELEB:GEN:0133,celebrity,known_association,false,0.2
GLB-HUB-TECH,org,CELEB:GEN:0134,celebrity,known_association,false,0.2
KR-UNIV-KOREA,org,CELEB:GEN:0134,celebrity,known_association,false,0.2
GLB-HUB-FINANCE,org,CELEB:GEN:0135,celebrity,known_association,false,0.2
KR-UNIV-KOREA,org,CELEB:GEN:0135,celebrity,known_association,false,0.2
GLB-HUB-POLITICS,org,CELEB:GEN:0136,celebrity,known_association,false,0.2
KR-UNIV-KOREA,org,CELEB:GEN:0136,celebrity,known_association,false,0.2
GLB-HUB-SPORTS,org,CELEB:GEN:0137,celebrity,known_association,false,0.2
KR-UNIV-KOREA,org,CELEB:GEN:0137,celebrity,known_association,false,0.2
GLB-HUB-ENTERTAINMENT,org,CELEB:GEN:0138,celebrity,known_association,false,0.2
KR-UNIV-KOREA,org,CELEB:GEN:0138,celebrity,known_association,false,0.2
GLB-HUB-BUSINESS,org,CELEB:GEN:0139,celebrity,known_association,false,0.2
KR-UNIV-KOREA,org,CELEB:GEN:0139,celebrity,known_association,false,0.2
GLB-HUB-SCIENCE,org,CELEB:GEN:0140,celebrity,known_association,false,0.2
KR-UNIV-KOREA,org,CELEB:GEN:0140,celebrity,known_association,false,0.2
GLB-HUB-TECH,org,CELEB:GEN:0141,celebrity,known_association,false,0.2
KR-UNIV-KOREA,org,CELEB:GEN:0141,celebrity,known_association,false,0.2
GLB-HUB-FINANCE,org,CELEB:GEN:0142,celebrity,known_association,false,0.2
KR-UNIV-KOREA,org,CELEB:GEN:0142,celebrity,known_association,false,0.2
GLB-HUB-POLITICS,org,CELEB:GEN:0143,celebrity,known_association,false,0.2
KR-UNIV-KOREA,org,CELEB:GEN:0143,celebrity,known_association,false,0.2
GLB-HUB-SPORTS,org,CELEB:GEN:0144,celebrity,known_association,false,0.2
KR-UNIV-KOREA,org,CELEB:GEN:0144,celebrity,known_association,false,0.2
GLB-HUB-ENTERTAINMENT,org,CELEB:GEN:0145,celebrity,known_association,false,0.2
KR-UNIV-KOREA,org,CELEB:GEN:0145,celebrity,known_association,false,0.2
GLB-HUB-BUSINESS,org,CELEB:GEN:0146,celebrity,known_association,false,0.2
KR-UNIV-KOREA,org,CELEB:GEN:0146,celebrity,known_association,false,0.2
GLB-HUB-SCIENCE,org,CELEB:GEN:0147,celebrity,known_association,false,0.2
KR-UNIV-KOREA,org,CELEB:GEN:0147,celebrity,known_association,false,0.2
GLB-HUB-TECH,org,CELEB:GEN:0148,celebrity,known_association,false,0.2
KR-UNIV-KOREA,org,CELEB:GEN:0148,celebrity,known_association,false,0.2
GLB-HUB-FINANCE,org,CELEB:GEN:0149,celebrity,known_association,false,0.2
KR-UNIV-KOREA,org,CELEB:GEN:0149,celebrity,known_association,false,0.2
GLB-HUB-POLITICS,org,CELEB:GEN:0150,celebrity,known_association,false,0.2
KR-UNIV-KOREA,org,CELEB:GEN:0150,celebrity,known_association,false,0.2
GLB-HUB-SPORTS,org,CELEB:GEN:0151,celebrity,known_association,false,0.2
KR-UNIV-KOREA,org,CELEB:GEN:0151,celebrity,known_association,false,0.2
GLB-HUB-ENTERTAINMENT,org,CELEB:GEN:0152,celebrity,known_association,false,0.2
KR-UNIV-KOREA,org,CELEB:GEN:0152,celebrity,known_association,false,0.2
GLB-HUB-BUSINESS,org,CELEB:GEN:0153,celebrity,known_association,false,0.2
KR-UNIV-KOREA,org,CELEB:GEN:0153,celebrity,known_association,false,0.2
GLB-HUB-SCIENCE,org,CELEB:GEN:0154,celebrity,known_association,false,0.2
KR-UNIV-KOREA,org,CELEB:GEN:0154,celebrity,known_association,false,0.2
GLB-HUB-TECH,org,CELEB:GEN:0155,celebrity,known_association,false,0.2
KR-UNIV-KOREA,org,CELEB:GEN:0155,celebrity,known_association,false,0.2
GLB-HUB-FINANCE,org,CELEB:GEN:0156,celebrity,known_association,false,0.2
KR-UNIV-KOREA,org,CELEB:GEN:0156,celebrity,known_association,false,0.2
GLB-HUB-POLITICS,org,CELEB:GEN:0157,celebrity,known_association,false,0.2
KR-UNIV-KOREA,org,CELEB:GEN:0157,celebrity,known_association,false,0.2
GLB-HUB-SPORTS,org,CELEB:GEN:0158,celebrity,known_association,false,0.2
KR-UNIV-KOREA,org,CELEB:GEN:0158,celebrity,known_association,false,0.2
GLB-HUB-ENTERTAINMENT,org,CELEB:GEN:0159,celebrity,known_association,false,0.2
KR-UNIV-KOREA,org,CELEB:GEN:0159,celebrity,known_association,false,0.2
GLB-HUB-BUSINESS,org,CELEB:GEN:0160,celebrity,known_association,false,0.2
KR-UNIV-KOREA,org,CELEB:GEN:0160,celebrity,known_association,false,0.2
GLB-HUB-SCIENCE,org,CELEB:GEN:0161,celebrity,known_association,false,0.2
KR-UNIV-KOREA,org,CELEB:GEN:0161,celebrity,known_association,false,0.2
GLB-HUB-TECH,org,CELEB:GEN:0162,celebrity,known_association,false,0.2
KR-UNIV-KOREA,org,CELEB:GEN:0162,celebrity,known_association,false,0.2
GLB-HUB-FINANCE,org,CELEB:GEN:0163,celebrity,known_association,false,0.2
KR-UNIV-KOREA,org,CELEB:GEN:0163,celebrity,known_association,false,0.2
GLB-HUB-POLITICS,org,CELEB:GEN:0164,celebrity,known_association,false,0.2
KR-UNIV-KOREA,org,CELEB:GEN:0164,celebrity,known_association,false,0.2
GLB-HUB-SPORTS,org,CELEB:GEN:0165,celebrity,known_association,false,0.2
KR-UNIV-KOREA,org,CELEB:GEN:0165,celebrity,known_association,false,0.2
GLB-HUB-ENTERTAINMENT,org,CELEB:GEN:0166,celebrity,known_association,false,0.2
KR-UNIV-KOREA,org,CELEB:GEN:0166,celebrity,known_association,false,0.2
GLB-HUB-BUSINESS,org,CELEB:GEN:0167,celebrity,known_association,false,0.2
KR-UNIV-KOREA,org,CELEB:GEN:0167,celebrity,known_association,false,0.2
GLB-HUB-SCIENCE,org,CELEB:GEN:0168,celebrity,known_association,false,0.2
KR-UNIV-KOREA,org,CELEB:GEN:0168,celebrity,known_association,false,0.2
GLB-HUB-TECH,org,CELEB:GEN:0169,celebrity,known_association,false,0.2
KR-UNIV-KOREA,org,CELEB:GEN:0169,celebrity,known_association,false,0.2
GLB-HUB-FINANCE,org,CELEB:GEN:0170,celebrity,known_association,false,0.2
KR-UNIV-KOREA,org,CELEB:GEN:0170,celebrity,known_association,false,0.2
GLB-HUB-POLITICS,org,CELEB:GEN:0171,celebrity,known_association,false,0.2
KR-UNIV-KOREA,org,CELEB:GEN:0171,celebrity,known_association,false,0.2
GLB-HUB-SPORTS,org,CELEB:GEN:0172,celebrity,known_association,false,0.2
KR-UNIV-KOREA,org,CELEB:GEN:0172,celebrity,known_association,false,0.2
GLB-HUB-ENTERTAINMENT,org,CELEB:GEN:0173,celebrity,known_association,false,0.2
KR-UNIV-KOREA,org,CELEB:GEN:0173,celebrity,known_association,false,0.2
GLB-HUB-BUSINESS,org,CELEB:GEN:0174,celebrity,known_association,false,0.2
KR-UNIV-KOREA,org,CELEB:GEN:0174,celebrity,known_association,false,0.2
GLB-HUB-SCIENCE,org,CELEB:GEN:0175,celebrity,known_association,false,0.2
KR-UNIV-KOREA,org,CELEB:GEN:0175,celebrity,known_association,false,0.2
GLB-HUB-TECH,org,CELEB:GEN:0176,celebrity,known_association,false,0.2
KR-UNIV-KOREA,org,CELEB:GEN:0176,celebrity,known_association,false,0.2
GLB-HUB-FINANCE,org,CELEB:GEN:0177,celebrity,known_association,false,0.2
KR-UNIV-KOREA,org,CELEB:GEN:0177,celebrity,known_association,false,0.2
GLB-HUB-POLITICS,org,CELEB:GEN:0178,celebrity,known_association,false,0.2
KR-UNIV-KOREA,org,CELEB:GEN:0178,celebrity,known_association,false,0.2
GLB-HUB-SPORTS,org,CELEB:GEN:0179,celebrity,known_association,false,0.2
KR-UNIV-KOREA,org,CELEB:GEN:0179,celebrity,known_association,false,0.2
GLB-HUB-ENTERTAINMENT,org,CELEB:GEN:0180,celebrity,known_association,false,0.2
KR-UNIV-KOREA,org,CELEB:GEN:0180,celebrity,known_association,false,0.2
GLB-HUB-BUSINESS,org,CELEB:GEN:0181,celebrity,known_association,false,0.2
KR-UNIV-KOREA,org,CELEB:GEN:0181,celebrity,known_association,false,0.2
GLB-HUB-SCIENCE,org,CELEB:GEN:0182,celebrity,known_association,false,0.2
KR-UNIV-KOREA,org,CELEB:GEN:0182,celebrity,known_association,false,0.2
GLB-HUB-TECH,org,CELEB:GEN:0183,celebrity,known_association,false,0.2
KR-UNIV-KOREA,org,CELEB:GEN:0183,celebrity,known_association,false,0.2
GLB-HUB-FINANCE,org,CELEB:GEN:0184,celebrity,known_association,false,0.2
KR-UNIV-KOREA,org,CELEB:GEN:0184,celebrity,known_association,false,0.2
GLB-HUB-POLITICS,org,CELEB:GEN:0185,celebrity,known_association,false,0.2
KR-UNIV-KOREA,org,CELEB:GEN:0185,celebrity,known_association,false,0.2
GLB-HUB-SPORTS,org,CELEB:GEN:0186,celebrity,known_association,false,0.2
KR-UNIV-KOREA,org,CELEB:GEN:0186,celebrity,known_association,false,0.2
GLB-HUB-ENTERTAINMENT,org,CELEB:GEN:0187,celebrity,known_association,false,0.2
KR-UNIV-KOREA,org,CELEB:GEN:0187,celebrity,known_association,false,0.2
GLB-HUB-BUSINESS,org,CELEB:GEN:0188,celebrity,known_association,false,0.2
KR-UNIV-KOREA,org,CELEB:GEN:0188,celebrity,known_association,false,0.2
GLB-HUB-SCIENCE,org,CELEB:GEN:0189,celebrity,known_association,false,0.2
KR-UNIV-KOREA,org,CELEB:GEN:0189,celebrity,known_association,false,0.2
GLB-HUB-TECH,org,CELEB:GEN:0190,celebrity,known_association,false,0.2
KR-UNIV-KOREA,org,CELEB:GEN:0190,celebrity,known_association,false,0.2
GLB-HUB-FINANCE,org,CELEB:GEN:0191,celebrity,known_association,false,0.2
KR-UNIV-KOREA,org,CELEB:GEN:0191,celebrity,known_association,false,0.2
GLB-HUB-POLITICS,org,CELEB:GEN:0192,celebrity,known_association,false,0.2
KR-UNIV-KOREA,org,CELEB:GEN:0192,celebrity,known_association,false,0.2
GLB-HUB-SPORTS,org,CELEB:GEN:0193,celebrity,known_association,false,0.2
KR-UNIV-KOREA,org,CELEB:GEN:0193,celebrity,known_association,false,0.2
GLB-HUB-ENTERTAINMENT,org,CELEB:GEN:0194,celebrity,known_association,false,0.2
KR-UNIV-KOREA,org,CELEB:GEN:0194,celebrity,known_association,false,0.2
GLB-HUB-BUSINESS,org,CELEB:GEN:0195,celebrity,known_association,false,0.2
KR-UNIV-KOREA,org,CELEB:GEN:0195,celebrity,known_association,false,0.2
GLB-HUB-SCIENCE,org,CELEB:GEN:0196,celebrity,known_association,false,0.2
KR-UNIV-KOREA,org,CELEB:GEN:0196,celebrity,known_association,false,0.2
GLB-HUB-TECH,org,CELEB:GEN:0197,celebrity,known_association,false,0.2
KR-UNIV-KOREA,org,CELEB:GEN:0197,celebrity,known_association,false,0.2
GLB-HUB-FINANCE,org,CELEB:GEN:0198,celebrity,known_association,false,0.2
KR-UNIV-KOREA,org,CELEB:GEN:0198,celebrity,known_association,false,0.2
GLB-HUB-POLITICS,org,CELEB:GEN:0199,celebrity,known_association,false,0.2
KR-UNIV-KOREA,org,CELEB:GEN:0199,celebrity,known_association,false,0.2
GLB-HUB-SPORTS,org,CELEB:GEN:0200,celebrity,known_association,false,0.2
KR-UNIV-KOREA,org,CELEB:GEN:0200,celebrity,known_association,false,0.2
GLB-HUB-ENTERTAINMENT,org,CELEB:GEN:0201,celebrity,known_association,false,0.2
KR-UNIV-KOREA,org,CELEB:GEN:0201,celebrity,known_association,false,0.2
GLB-HUB-BUSINESS,org,CELEB:GEN:0202,celebrity,known_association,false,0.2
KR-UNIV-KOREA,org,CELEB:GEN:0202,celebrity,known_association,false,0.2
GLB-HUB-SCIENCE,org,CELEB:GEN:0203,celebrity,known_association,false,0.2
KR-UNIV-KOREA,org,CELEB:GEN:0203,celebrity,known_association,false,0.2
GLB-HUB-TECH,org,CELEB:GEN:0204,celebrity,known_association,false,0.2
KR-UNIV-KOREA,org,CELEB:GEN:0204,celebrity,known_association,false,0.2
GLB-HUB-FINANCE,org,CELEB:GEN:0205,celebrity,known_association,false,0.2
KR-UNIV-KOREA,org,CELEB:GEN:0205,celebrity,known_association,false,0.2
GLB-HUB-POLITICS,org,CELEB:GEN:0206,celebrity,known_association,false,0.2
KR-UNIV-KOREA,org,CELEB:GEN:0206,celebrity,known_association,false,0.2
GLB-HUB-SPORTS,org,CELEB:GEN:0207,celebrity,known_association,false,0.2
KR-UNIV-KOREA,org,CELEB:GEN:0207,celebrity,known_association,false,0.2
GLB-HUB-ENTERTAINMENT,org,CELEB:GEN:0208,celebrity,known_association,false,0.2
KR-UNIV-KOREA,org,CELEB:GEN:0208,celebrity,known_association,false,0.2
GLB-HUB-BUSINESS,org,CELEB:GEN:0209,celebrity,known_association,false,0.2
KR-UNIV-KOREA,org,CELEB:GEN:0209,celebrity,known_association,false,0.2
GLB-HUB-SCIENCE,org,CELEB:GEN:0210,celebrity,known_association,false,0.2
KR-UNIV-KOREA,org,CELEB:GEN:0210,celebrity,known_association,false,0.2
GLB-HUB-TECH,org,CELEB:GEN:0211,celebrity,known_association,false,0.2
KR-UNIV-KOREA,org,CELEB:GEN:0211,celebrity,known_association,false,0.2
GLB-HUB-FINANCE,org,CELEB:GEN:0212,celebrity,known_association,false,0.2
KR-UNIV-KOREA,org,CELEB:GEN:0212,celebrity,known_association,false,0.2
GLB-HUB-POLITICS,org,CELEB:GEN:0213,celebrity,known_association,false,0.2
KR-UNIV-KOREA,org,CELEB:GEN:0213,celebrity,known_association,false,0.2
GLB-HUB-SPORTS,org,CELEB:GEN:0214,celebrity,known_association,false,0.2
KR-UNIV-KOREA,org,CELEB:GEN:0214,celebrity,known_association,false,0.2
GLB-HUB-ENTERTAINMENT,org,CELEB:GEN:0215,celebrity,known_association,false,0.2
KR-UNIV-KOREA,org,CELEB:GEN:0215,celebrity,known_association,false,0.2
GLB-HUB-BUSINESS,org,CELEB:GEN:0216,celebrity,known_association,false,0.2
KR-UNIV-KOREA,org,CELEB:GEN:0216,celebrity,known_association,false,0.2
GLB-HUB-SCIENCE,org,CELEB:GEN:0217,celebrity,known_association,false,0.2
KR-UNIV-KOREA,org,CELEB:GEN:0217,celebrity,known_association,false,0.2
GLB-HUB-TECH,org,CELEB:GEN:0218,celebrity,known_association,false,0.2
KR-UNIV-KOREA,org,CELEB:GEN:0218,celebrity,known_association,false,0.2
GLB-HUB-FINANCE,org,CELEB:GEN:0219,celebrity,known_association,false,0.2
KR-UNIV-KOREA,org,CELEB:GEN:0219,celebrity,known_association,false,0.2
GLB-HUB-POLITICS,org,CELEB:GEN:0220,celebrity,known_association,false,0.2
KR-UNIV-KOREA,org,CELEB:GEN:0220,celebrity,known_association,false,0.2
GLB-HUB-SPORTS,org,CELEB:GEN:0221,celebrity,known_association,false,0.2
KR-UNIV-KOREA,org,CELEB:GEN:0221,celebrity,known_association,false,0.2
GLB-HUB-ENTERTAINMENT,org,CELEB:GEN:0222,celebrity,known_association,false,0.2
KR-UNIV-KOREA,org,CELEB:GEN:0222,celebrity,known_association,false,0.2
GLB-HUB-BUSINESS,org,CELEB:GEN:0223,celebrity,known_association,false,0.2
KR-UNIV-KOREA,org,CELEB:GEN:0223,celebrity,known_association,false,0.2
GLB-HUB-SCIENCE,org,CELEB:GEN:0224,celebrity,known_association,false,0.2
KR-UNIV-KOREA,org,CELEB:GEN:0224,celebrity,known_association,false,0.2
GLB-HUB-TECH,org,CELEB:GEN:0225,celebrity,known_association,false,0.2
KR-UNIV-KOREA,org,CELEB:GEN:0225,celebrity,known_association,false,0.2
GLB-HUB-FINANCE,org,CELEB:GEN:0226,celebrity,known_association,false,0.2
KR-UNIV-KOREA,org,CELEB:GEN:0226,celebrity,known_association,false,0.2
GLB-HUB-POLITICS,org,CELEB:GEN:0227,celebrity,known_association,false,0.2
KR-UNIV-KOREA,org,CELEB:GEN:0227,celebrity,known_association,false,0.2
GLB-HUB-SPORTS,org,CELEB:GEN:0228,celebrity,known_association,false,0.2
KR-UNIV-KOREA,org,CELEB:GEN:0228,celebrity,known_association,false,0.2
GLB-HUB-ENTERTAINMENT,org,CELEB:GEN:0229,celebrity,known_association,false,0.2
KR-UNIV-KOREA,org,CELEB:GEN:0229,celebrity,known_association,false,0.2
GLB-HUB-BUSINESS,org,CELEB:GEN:0230,celebrity,known_association,false,0.2
KR-UNIV-KOREA,org,CELEB:GEN:0230,celebrity,known_association,false,0.2
GLB-HUB-SCIENCE,org,CELEB:GEN:0231,celebrity,known_association,false,0.2
KR-UNIV-KOREA,org,CELEB:GEN:0231,celebrity,known_association,false,0.2
GLB-HUB-TECH,org,CELEB:GEN:0232,celebrity,known_association,false,0.2
KR-UNIV-KOREA,org,CELEB:GEN:0232,celebrity,known_association,false,0.2
GLB-HUB-FINANCE,org,CELEB:GEN:0233,celebrity,known_association,false,0.2
KR-UNIV-KOREA,org,CELEB:GEN:0233,celebrity,known_association,false,0.2
GLB-HUB-POLITICS,org,CELEB:GEN:0234,celebrity,known_association,false,0.2
KR-UNIV-KOREA,org,CELEB:GEN:0234,celebrity,known_association,false,0.2
GLB-HUB-SPORTS,org,CELEB:GEN:0235,celebrity,known_association,false,0.2
KR-UNIV-KOREA,org,CELEB:GEN:0235,celebrity,known_association,false,0.2
GLB-HUB-ENTERTAINMENT,org,CELEB:GEN:0236,celebrity,known_association,false,0.2
KR-UNIV-KOREA,org,CELEB:GEN:0236,celebrity,known_association,false,0.2
GLB-HUB-BUSINESS,org,CELEB:GEN:0237,celebrity,known_association,false,0.2
KR-UNIV-KOREA,org,CELEB:GEN:0237,celebrity,known_association,false,0.2
GLB-HUB-SCIENCE,org,CELEB:GEN:0238,celebrity,known_association,false,0.2
KR-UNIV-KOREA,org,CELEB:GEN:0238,celebrity,known_association,false,0.2
GLB-HUB-TECH,org,CELEB:GEN:0239,celebrity,known_association,false,0.2
KR-UNIV-KOREA,org,CELEB:GEN:0239,celebrity,known_association,false,0.2
GLB-HUB-FINANCE,org,CELEB:GEN:0240,celebrity,known_association,false,0.2
KR-UNIV-KOREA,org,CELEB:GEN:0240,celebrity,known_association,false,0.2
GLB-HUB-POLITICS,org,CELEB:GEN:0241,celebrity,known_association,false,0.2
KR-UNIV-KOREA,org,CELEB:GEN:0241,celebrity,known_association,false,0.2
GLB-HUB-SPORTS,org,CELEB:GEN:0242,celebrity,known_association,false,0.2
KR-UNIV-KOREA,org,CELEB:GEN:0242,celebrity,known_association,false,0.2
GLB-HUB-ENTERTAINMENT,org,CELEB:GEN:0243,celebrity,known_association,false,0.2
KR-UNIV-KOREA,org,CELEB:GEN:0243,celebrity,known_association,false,0.2
GLB-HUB-BUSINESS,org,CELEB:GEN:0244,celebrity,known_association,false,0.2
KR-UNIV-KOREA,org,CELEB:GEN:0244,celebrity,known_association,false,0.2
GLB-HUB-SCIENCE,org,CELEB:GEN:0245,celebrity,known_association,false,0.2
KR-UNIV-KOREA,org,CELEB:GEN:0245,celebrity,known_association,false,0.2
GLB-HUB-TECH,org,CELEB:GEN:0246,celebrity,known_association,false,0.2
KR-UNIV-KOREA,org,CELEB:GEN:0246,celebrity,known_association,false,0.2
GLB-HUB-FINANCE,org,CELEB:GEN:0247,celebrity,known_association,false,0.2
KR-UNIV-KOREA,org,CELEB:GEN:0247,celebrity,known_association,false,0.2
GLB-HUB-POLITICS,org,CELEB:GEN:0248,celebrity,known_association,false,0.2
KR-UNIV-KOREA,org,CELEB:GEN:0248,celebrity,known_association,false,0.2
GLB-HUB-SPORTS,org,CELEB:GEN:0249,celebrity,known_association,false,0.2
KR-UNIV-KOREA,org,CELEB:GEN:0249,celebrity,known_association,false,0.2
GLB-HUB-ENTERTAINMENT,org,CELEB:GEN:0250,celebrity,known_association,false,0.2
KR-UNIV-KOREA,org,CELEB:GEN:0250,celebrity,known_association,false,0.2
GLB-HUB-BUSINESS,org,CELEB:GEN:0251,celebrity,known_association,false,0.2
KR-UNIV-KOREA,org,CELEB:GEN:0251,celebrity,known_association,false,0.2
GLB-HUB-SCIENCE,org,CELEB:GEN:0252,celebrity,known_association,false,0.2
KR-UNIV-KOREA,org,CELEB:GEN:0252,celebrity,known_association,false,0.2
GLB-HUB-TECH,org,CELEB:GEN:0253,celebrity,known_association,false,0.2
KR-UNIV-KOREA,org,CELEB:GEN:0253,celebrity,known_association,false,0.2
GLB-HUB-FINANCE,org,CELEB:GEN:0254,celebrity,known_association,false,0.2
KR-UNIV-KOREA,org,CELEB:GEN:0254,celebrity,known_association,false,0.2
GLB-HUB-POLITICS,org,CELEB:GEN:0255,celebrity,known_association,false,0.2
KR-UNIV-KOREA,org,CELEB:GEN:0255,celebrity,known_association,false,0.2
GLB-HUB-SPORTS,org,CELEB:GEN:0256,celebrity,known_association,false,0.2
KR-UNIV-KOREA,org,CELEB:GEN:0256,celebrity,known_association,false,0.2
GLB-HUB-ENTERTAINMENT,org,CELEB:GEN:0257,celebrity,known_association,false,0.2
KR-UNIV-KOREA,org,CELEB:GEN:0257,celebrity,known_association,false,0.2
GLB-HUB-BUSINESS,org,CELEB:GEN:0258,celebrity,known_association,false,0.2
KR-UNIV-KOREA,org,CELEB:GEN:0258,celebrity,known_association,false,0.2
GLB-HUB-SCIENCE,org,CELEB:GEN:0259,celebrity,known_association,false,0.2
KR-UNIV-KOREA,org,CELEB:GEN:0259,celebrity,known_association,false,0.2
GLB-HUB-TECH,org,CELEB:GEN:0260,celebrity,known_association,false,0.2
KR-UNIV-KOREA,org,CELEB:GEN:0260,celebrity,known_association,false,0.2
GLB-HUB-FINANCE,org,CELEB:GEN:0261,celebrity,known_association,false,0.2
KR-UNIV-KOREA,org,CELEB:GEN:0261,celebrity,known_association,false,0.2
GLB-HUB-POLITICS,org,CELEB:GEN:0262,celebrity,known_association,false,0.2
KR-UNIV-KOREA,org,CELEB:GEN:0262,celebrity,known_association,false,0.2
GLB-HUB-SPORTS,org,CELEB:GEN:0263,celebrity,known_association,false,0.2
KR-UNIV-KOREA,org,CELEB:GEN:0263,celebrity,known_association,false,0.2
GLB-HUB-ENTERTAINMENT,org,CELEB:GEN:0264,celebrity,known_association,false,0.2
KR-UNIV-KOREA,org,CELEB:GEN:0264,celebrity,known_association,false,0.2
GLB-HUB-BUSINESS,org,CELEB:GEN:0265,celebrity,known_association,false,0.2
KR-UNIV-KOREA,org,CELEB:GEN:0265,celebrity,known_association,false,0.2
GLB-HUB-SCIENCE,org,CELEB:GEN:0266,celebrity,known_association,false,0.2
KR-UNIV-KOREA,org,CELEB:GEN:0266,celebrity,known_association,false,0.2
GLB-HUB-TECH,org,CELEB:GEN:0267,celebrity,known_association,false,0.2
KR-UNIV-KOREA,org,CELEB:GEN:0267,celebrity,known_association,false,0.2
GLB-HUB-FINANCE,org,CELEB:GEN:0268,celebrity,known_association,false,0.2
KR-UNIV-KOREA,org,CELEB:GEN:0268,celebrity,known_association,false,0.2
GLB-HUB-POLITICS,org,CELEB:GEN:0269,celebrity,known_association,false,0.2
KR-UNIV-KOREA,org,CELEB:GEN:0269,celebrity,known_association,false,0.2
GLB-HUB-SPORTS,org,CELEB:GEN:0270,celebrity,known_association,false,0.2
KR-UNIV-KOREA,org,CELEB:GEN:0270,celebrity,known_association,false,0.2
GLB-HUB-ENTERTAINMENT,org,CELEB:GEN:0271,celebrity,known_association,false,0.2
KR-UNIV-KOREA,org,CELEB:GEN:0271,celebrity,known_association,false,0.2
GLB-HUB-BUSINESS,org,CELEB:GEN:0272,celebrity,known_association,false,0.2
KR-UNIV-KOREA,org,CELEB:GEN:0272,celebrity,known_association,false,0.2
GLB-HUB-SCIENCE,org,CELEB:GEN:0273,celebrity,known_association,false,0.2
KR-UNIV-KOREA,org,CELEB:GEN:0273,celebrity,known_association,false,0.2
GLB-HUB-TECH,org,CELEB:GEN:0274,celebrity,known_association,false,0.2
KR-UNIV-KOREA,org,CELEB:GEN:0274,celebrity,known_association,false,0.2
GLB-HUB-FINANCE,org,CELEB:GEN:0275,celebrity,known_association,false,0.2
KR-UNIV-KOREA,org,CELEB:GEN:0275,celebrity,known_association,false,0.2
GLB-HUB-POLITICS,org,CELEB:GEN:0276,celebrity,known_association,false,0.2
KR-UNIV-KOREA,org,CELEB:GEN:0276,celebrity,known_association,false,0.2
GLB-HUB-SPORTS,org,CELEB:GEN:0277,celebrity,known_association,false,0.2
KR-UNIV-KOREA,org,CELEB:GEN:0277,celebrity,known_association,false,0.2
GLB-HUB-ENTERTAINMENT,org,CELEB:GEN:0278,celebrity,known_association,false,0.2
KR-UNIV-KOREA,org,CELEB:GEN:0278,celebrity,known_association,false,0.2
GLB-HUB-BUSINESS,org,CELEB:GEN:0279,celebrity,known_association,false,0.2
KR-UNIV-KOREA,org,CELEB:GEN:0279,celebrity,known_association,false,0.2
GLB-HUB-SCIENCE,org,CELEB:GEN:0280,celebrity,known_association,false,0.2
KR-UNIV-KOREA,org,CELEB:GEN:0280,celebrity,known_association,false,0.2
GLB-HUB-TECH,org,CELEB:GEN:0281,celebrity,known_association,false,0.2
KR-UNIV-KOREA,org,CELEB:GEN:0281,celebrity,known_association,false,0.2
GLB-HUB-FINANCE,org,CELEB:GEN:0282,celebrity,known_association,false,0.2
KR-UNIV-KOREA,org,CELEB:GEN:0282,celebrity,known_association,false,0.2
GLB-HUB-POLITICS,org,CELEB:GEN:0283,celebrity,known_association,false,0.2
KR-UNIV-KOREA,org,CELEB:GEN:0283,celebrity,known_association,false,0.2
GLB-HUB-SPORTS,org,CELEB:GEN:0284,celebrity,known_association,false,0.2
KR-UNIV-KOREA,org,CELEB:GEN:0284,celebrity,known_association,false,0.2
GLB-HUB-ENTERTAINMENT,org,CELEB:GEN:0285,celebrity,known_association,false,0.2
KR-UNIV-KOREA,org,CELEB:GEN:0285,celebrity,known_association,false,0.2
GLB-HUB-BUSINESS,org,CELEB:GEN:0286,celebrity,known_association,false,0.2
KR-UNIV-KOREA,org,CELEB:GEN:0286,celebrity,known_association,false,0.2
GLB-HUB-SCIENCE,org,CELEB:GEN:0287,celebrity,known_association,false,0.2
KR-UNIV-KOREA,org,CELEB:GEN:0287,celebrity,known_association,false,0.2
GLB-HUB-TECH,org,CELEB:GEN:0288,celebrity,known_association,false,0.2
KR-UNIV-KOREA,org,CELEB:GEN:0288,celebrity,known_association,false,0.2
GLB-HUB-FINANCE,org,CELEB:GEN:0289,celebrity,known_association,false,0.2
KR-UNIV-KOREA,org,CELEB:GEN:0289,celebrity,known_association,false,0.2
GLB-HUB-POLITICS,org,CELEB:GEN:0290,celebrity,known_association,false,0.2
KR-UNIV-KOREA,org,CELEB:GEN:0290,celebrity,known_association,false,0.2
GLB-HUB-SPORTS,org,CELEB:GEN:0291,celebrity,known_association,false,0.2
KR-UNIV-KOREA,org,CELEB:GEN:0291,celebrity,known_association,false,0.2
GLB-HUB-ENTERTAINMENT,org,CELEB:GEN:0292,celebrity,known_association,false,0.2
KR-UNIV-KOREA,org,CELEB:GEN:0292,celebrity,known_association,false,0.2
GLB-HUB-BUSINESS,org,CELEB:GEN:0293,celebrity,known_association,false,0.2
KR-UNIV-KOREA,org,CELEB:GEN:0293,celebrity,known_association,false,0.2
GLB-HUB-SCIENCE,org,CELEB:GEN:0294,celebrity,known_association,false,0.2
KR-UNIV-KOREA,org,CELEB:GEN:0294,celebrity,known_association,false,0.2
GLB-HUB-TECH,org,CELEB:GEN:0295,celebrity,known_association,false,0.2
KR-UNIV-KOREA,org,CELEB:GEN:0295,celebrity,known_association,false,0.2
GLB-HUB-FINANCE,org,CELEB:GEN:0296,celebrity,known_association,false,0.2
KR-UNIV-KOREA,org,CELEB:GEN:0296,celebrity,known_association,false,0.2
GLB-HUB-POLITICS,org,CELEB:GEN:0297,celebrity,known_association,false,0.2
KR-UNIV-KOREA,org,CELEB:GEN:0297,celebrity,known_association,false,0.2
GLB-HUB-SPORTS,org,CELEB:GEN:0298,celebrity,known_association,false,0.2
KR-UNIV-KOREA,org,CELEB:GEN:0298,celebrity,known_association,false,0.2
GLB-HUB-ENTERTAINMENT,org,CELEB:GEN:0299,celebrity,known_association,false,0.2
KR-UNIV-KOREA,org,CELEB:GEN:0299,celebrity,known_association,false,0.2
GLB-HUB-BUSINESS,org,CELEB:GEN:0300,celebrity,known_association,false,0.2
KR-UNIV-KOREA,org,CELEB:GEN:0300,celebrity,known_association,false,0.2